{"cameraMode":{"drawMode":0,"name":"Shaded","section":"Shading Mode"},"sceneLighting":true,"audioPlay":false,"sceneViewState":{"m_AlwaysRefresh":false,"showFog":true,"showSkybox":true,"showFlares":true,"showImageEffects":true,"showParticleSystems":true,"showVisualEffectGraphs":true,"m_FxEnabled":true},"in2DMode":false,"pivot":{"x":14.44604206085205,"y":-0.3394174873828888,"z":-2.1487314701080324},"rotation":{"x":0.041579265147447589,"y":0.7331697344779968,"z":-0.04500424489378929,"w":0.6772902011871338},"size":11.071111679077149,"orthographic":false}