{"cameraMode":{"drawMode":0,"name":"Shaded","section":"Shading Mode"},"sceneLighting":true,"audioPlay":false,"sceneViewState":{"m_AlwaysRefresh":false,"showFog":true,"showSkybox":true,"showFlares":true,"showImageEffects":true,"showParticleSystems":true,"showVisualEffectGraphs":true,"m_FxEnabled":true},"in2DMode":false,"pivot":{"x":16.822059631347658,"y":2.7524914741516115,"z":-2.4663147926330568},"rotation":{"x":0.15148551762104035,"y":0.733315646648407,"z":-0.1736225038766861,"w":0.6396982073783875},"size":0.7141428589820862,"orthographic":false}