{"cameraMode":{"drawMode":0,"name":"Shaded","section":"Shading Mode"},"sceneLighting":true,"audioPlay":false,"sceneViewState":{"m_AlwaysRefresh":false,"showFog":true,"showSkybox":true,"showFlares":true,"showImageEffects":true,"showParticleSystems":true,"showVisualEffectGraphs":true,"m_FxEnabled":true},"in2DMode":false,"pivot":{"x":46.94471740722656,"y":-27.444061279296876,"z":46.522377014160159},"rotation":{"x":0.19127795100212098,"y":0.3719657361507416,"z":-0.07862493395805359,"w":0.9049180746078491},"size":56.32974624633789,"orthographic":false}