{"cameraMode":{"drawMode":0,"name":"Shaded","section":"Shading Mode"},"sceneLighting":true,"audioPlay":false,"sceneViewState":{"m_AlwaysRefresh":false,"showFog":true,"showSkybox":true,"showFlares":true,"showImageEffects":true,"showParticleSystems":true,"showVisualEffectGraphs":true,"m_FxEnabled":true},"in2DMode":false,"pivot":{"x":7.49491024017334,"y":3.930191993713379,"z":-8.480112075805664},"rotation":{"x":0.3497571647167206,"y":-0.001410117605701089,"z":0.000526204879861325,"w":0.9368489384651184},"size":0.7142624258995056,"orthographic":false}