{"cameraMode":{"drawMode":0,"name":"Shaded","section":"Shading Mode"},"sceneLighting":true,"audioPlay":false,"sceneViewState":{"m_AlwaysRefresh":false,"showFog":true,"showSkybox":true,"showFlares":true,"showImageEffects":true,"showParticleSystems":true,"showVisualEffectGraphs":true,"m_FxEnabled":true},"in2DMode":false,"pivot":{"x":14.75501537322998,"y":0.4726744592189789,"z":-3.1906421184539797},"rotation":{"x":-0.0028054891154170038,"y":-0.07551860064268112,"z":0.00017136699170805514,"w":-0.9971696734428406},"size":0.19613409042358399,"orthographic":false}